admin admin,admin,admin,admin@mail.com
Kajetan Kowalski,kkowalski,123,kajetan.kowalski@mail.com
Boleslaw Rutkowski,brutkowski,456,boleslaw.rutkowski@mail.com
Dorian Krawczyk,dkrawczyk,789,dorian.krawczyk@mail.com
Krystian Szymanski,kszymanski,123,krystian.szymanski@mail.com
Aleks Mazur,amazur,456,aleks.mazur@mail.com